act_s,count,act
"....112 r/w 183 14.d.r/w 177 m.v.act",1,26
"....3 r/w 181 m.v.act",38,29
"...181 m.v.Act",8,36
"...184 m.v act",13,37
"...219 R/w 177 M.V Act",1,38
"..112 R/w 177 m.v.act",1,43
"..13.3.R/W 177 M.V.Act",1,45
"..146 r/w 196 mv Act",4,47
"..201 m.v act",1,50
"..66 .1. R/w 192 Mv act",3,52
"100 R/w.177 M.V. Act",2,82
"113 R/W 194 MV Act",4,133
"113r/w 194 M.V.Act.",2,134
"115 R/w.190.2 of M.V. Act",1,136
"115 RW 177 M.V.ACT",17,137
"115 RW 190  2 IMV Act",10,138
"117 r w 177 IMV Act",3,142
"117 r/w 177 m.v.act",1,143
"117 RW 177 M.V.ACT",76,141
"119 RW 177 M.V.ACT",17,146
"127 READ WITH 177 IMV ACT",3,185
"128.1 R/w.177 of M.V. Act",8,191
"13 R (i) (ii) (iii) (iv) r/w 177, 146 r/w 196, cmv 115 r/w 190(2) , 128 r/w 177 IMV ACT",5,244
"13(I) (II) (III)(IV) R/W 177, 128 R/W 177, 119 R/W 177 IMV ACT",1,292
"13(R)(i) (ii)(iii)(iv) r/w 177, rule13(S) R/w 177, 230 R/w177, CMV Rule51 r/w 177, 179 IMV Act",1,293
"13(r)(i)(iii)(iv) r/w 177  IMV Act",1,298
"13(r)(ii) R/w 177, CMV rule 115 r/w 190(2) IMV Act",1,299
"13(S) R/w 177 M.C Act U/sec 14(a)(b) R/w 177 MV Act",1,294
"13.5 R/w.177 of M.V. Act",11,315
"13.R.11 R/w.177 of M.V. Act",1,317
"13.R.II R/w.177 of M.V. Act",14,318
"13.R.III R/w.177 of M.V. Act",9,319
"13.V R/w.177 of M.V. Act",1,320
"130 3 R/W 177 IMV ACT",6,326
"130 3 RW 177 M.V.ACT",38,327
"130 C1 1 RW 177 M.V.ACT",6,328
"130, 16, 56 R/w 177 IMV ACt",2,331
"134  A   IMV Act",73,338
"134 A and B rw 187 IMV",36,339
"134 B rw 187 IMV",3,340
"14 KMV Act r/w 177 IMV Act",7,396
"14 R/w. 177 M.V. Act",1,397
"14 Rw 106 IMV Act",1,399
"140 of MV Act",59,407
"146 r/w 196 m.v.act.",19,488
"146 RW 196 MV ACT",10,487
"151 OF CPC R/W 169 1  OF IMV ACT",1,517
"163 MV Act.",22,544
"163-A M.V. Act",5,546
"163A of Motor Vehicle Act1989",13,547
"166   1 of IMV ACT",609,549
"166  of MV Act",1215,550
"166 IMV Act",392,552
"166 IMV ACT",9,551
"166 of IMV ACT",1070,555
"166 of M.V.Act.",61,558
"166 of MOTOR VEHICLE ACT",154,559
"166 of MV ACT",12582,560
"177  M.V. Act",13,572
"177 192(A) 179 MV Act",1,573
"177 IMV ACT",88,574
"177 MV Act",14,577
"177 MV ACT,190 CLASS 117",3,576
"177 of IMV Act",169,578
"179 1 RW 177 M.V.ACT",4,580
"181 146 r/w 196 m.v.act",4,595
"181 183 184 179 imv act",2,596
"181 MV Act",3285,597
"181,146 IMV ACT",1,598
"182 M.V.ACT",3,599
"183 187 134 A AND B IMV ACT",1,601
"184 185  3(1) r/w 181 MV act",1,602
"184 185 MV ACT",6,604
"184 IMV ACT 128 R/W 177 I M V ACT 119 R/W 177 IMV ACT 13 (R) I R/W 177 IMV ACT 51 R/W 177 IMV ACT 17",1,606
"184 M.V.ACT",1354,609
"184 Mv ACt Rulr 196 R/w 177 MV ACt Rule 14 (a)(b) r/w 177 IMV Act",3,610
"184, 158 R/w 177, 128 i R/w 177 M.V. Act.",2,611
"185 177-3 MV Act",3,614
"185 and 3/181 M.V Act",8,642
"185 imv act",389,643
"185 IMV Act",4118,618
"185 IMV ACT",5,617
"185 M.V Act",4343,620
"185 M.V Act,14 A and B r/w 177, 158 r/w 177 M.V.Act",2,621
"185 M.V. Act ,3 R/W 181 M.V. Act ,39 R/W 192 M.V. Act",5,623
"185 M.V. Act ,3R/W  M.V. Act ,  R/W  M.V. Act",2,624
"185 M.V. Act 128 K.M.V. R/w 177 M.V.  3r/w 181 K.v. Act",5,625
"185 M.V. Act 128 K.M.V. R/w 177 M.V. Act  184 M.V. ct",4,626
"185 M.V. Act 184 M.v. Act",16,627
"185 M.V. Act 3r/w 181 M.v. Act",152,628
"185 M.V. Act",3,622
"185 m.v. act.",895,644
"185 M.V.Act  158 R/W 177 M.V. Act   128 K MV Act R/W 177 M.V. Act",4,630
"185 M.V.Act ,184 M.V. Act , 3R/W 181 M.V. Act ,39 R/W 192 M.V Act",4,631
"185 M.V.Act 3 r/w 181 M.V. Act,158 r/w 177 M.V.,184 M.V.Act",5,632
"185 M.V.ACT",17434,629
"185 M.V.Act, 184 M.V. Act , 158 R/W 177 M.V. Act",5,633
"185 M.V.Act, 3 R/W 181 M.V. Act , 128 R/W 177 M.V. Act",2,634
"185 M.V.Act, 39 R/W 192 ,3 R/W 181 , 177 M.V. Act",2,635
"185 MC Act3 r/w 181 MV Act",6,636
"185 MOTOR VEHICAL ACT",474,637
"185 MV Act and 3(1) M V Act",5,639
"185 MV Act",5679,638
"185 MV Avt and 112 184 MV Act",1,640
"185 R/W 181 MV Act",21,641
"185, 128 R/w 177 M.V.Act",23,647
"185, 158 R/w 177 MV Act",36,648
"185, 3 R/w 181, 158 R/w 177, 128 R/w 177 MV Act.",3,649
"185, 3(1) R/W 181, 146 R/W 196, 115R/W 190(2), 230 R/W 177, 13(R) III R/W 177 IMV ACT",1,650
"185,177 MV act",9,651
"185. M.V.Act , 158 R/W 177 M.V.Act ,158 R/W 177 M.V.Act",6,652
"185.M.V. Act 184 M.V. Act  179 M.V. Act",1,653
"185M.V.Act, 158 R/W 177 M.V.Act, 158 R/W 177 M.V.Act, 128KMV Act R/W M.V.A,184 MV Act",1,654
"187 m.v. act",4,656
"188 R/W 185 M.V. Act",7,657
"192 A 1 1 IMV ACT",1,666
"192 A 1 I.M.V ACT, 190 3 I MV ACT",7,667
"192 A IMV Act",29,668
"192 M.V.ACT",49,670
"192,180 M.V.ACT",2,673
"192a 196 3 R/W 181  128 R/W 177 MV Act",4,675
"194 RW 177 M.V.ACT",2,678
"196   190  2 MV ACT",2,684
"196 181 179 177 OF IMV ACT",4,686
"207 MOTOR VEHICLE ACT",292,757
"230.A R/w.177 of M.V. Act",5,816
"279 , 338 , R/W 130, 187 196 IMV ACT",123,887
"279 304 A 196 181 IMV ACT",4,888
"279 324 A R/W 181 196 IMV ACT",1,890
"279 337 304  A   I.P.C and  3RW 181 MV Act",3,892
"279 337 338 304.A and 3 R/w.181 M.V. Act",3,893
"279 337 IPC rw 181 196 IMV act",6,894
"279 338 IPC 187 146 196 MOTOR VEHICLE ACT",1,895
"279 338 R/W 187 196 IMV ACT",4,896
"279 IPC 5 8 9 11 KPCS AND CP ACT 11(1) DPC ANIMAL ACT 192 IMV ACT",2,897
"279 R/W 187 AND 176 R/W 196 IMV ACT",2,898
"279, 337, 304(A) and 3(1) r/w 181 M.V. Act. Rule 13(R)(1)R/w 177 MV Act, Rule 15(a) r/w 177 MV Act.",2,900
"279, 337, IPX and 187, 146, R/W 196 M.V Act",1,901
"279,337,338 of IPC r.w184, 187 IMV Act",175,904
"279,337,338 of M.V.Act",16,905
"279,337,338 R/W 187 IMV ACT",1,903
"279,337,388of IPC , 1860 IMV Act, 1988 U/s 187",1,906
"279,338,I,P,C and 3, 181 R/w 146, 196 M.v. Act",4,908
"2Motor Vehicles Act",9077,930
"3 C1 1 RW 181 M.V.ACT",197,940
"3 R/w 181  MV Act",18,961
"3 r/w 181 m.V.Act",12,980
"3 R/W SEC. 181 MV ACT",3,958
"3 R/w. 181 MV Act",3,964
"3(1) R/W 181 IMV ACT 13(r) III II IV R/W 177 IMV ACT 184 IMV ACT 119 R/W 177 IMV ACT 128R/W 177 IMV",1,983
"3(1) R/W 181, 185, CMV RULE 120 R/W 177IMV ACT",1,984
"3(1)r/w.181 IMV Act",10,987
"3, 11 of Prevention of Cruelty to Animals Act 1960, Sec. 184, 192 of IMV Act 1988.",1,991
"30 R/w. 177 MV Act",2,1026
"39 R/W 192 IMV ACT",1,1524
"39 R/w 192 IMV Act.",5,1526
"39 R/W 192 M.V.ACT",3,1525
"39 R/w 192 MV Act",4,1527
"39 r/w 192 MV ACT.",5,1531
"39 rule  Red with 192 IMV Act",176,1532
"39 RW 192 M.V.ACT",2,1528
"5 clause 1 rw 180 IMV",30,1730
"5 R/W 180 Mv Act",1,1728
"5.Motor Vehicles Act",1268,1740
"50 of CMV R/w sec 177, 3 R/w 181, 39-1 R/w 192-1, 146 R/w 196, 184 Sec 188, 129 R/w 177 of MV Act",5,1743
"50 RW 177 M.V.ACT",28,1742
"53 1 R/w 192 Imv Act Rule 13 (S) R/w 177 Mv Act",2,1816
"54.1 R/w.177 of M.V. Act",3,1826
"56 RW 192 M.V.ACT",1,1827
"66 C1 1 RW 192 M.V.ACT",91,1856
"66 R/w 192 (A) and 125 R/w 177 MV Act",5,1857
"66 R/w 198 (A) 179 IMV Act",1,1858
"66 Read with 192 clause mv act",20,1860
"66 RW 192 M.V.ACT",381,1859
"66.1. r/w 192 .a. MV Act.",2,1861
"679 Motor Vehicles Act",640,1864
"84 G R/W 192 IMV ACT",527,1998
"Act 66 R/w 192 (a) IMV Act",2,2507
"BOMBAY MOTOR VEHICLE (TAXATION OF PASSENGERS) ACT, 1958",37,3228
"BOMBAY MOTOR VEHICLE TAX ACT 1958",111,3229
"BOMBAY MOTOR VEHICLES TAX ACT, 1958",53,3230
"C.G. Motor Vehicle Act",9069,3848
"Central Motor Vehicle 1988",119,4327
"CENTRAL MOTOR VEHICLE ACT 1988",2,3925
"Central Motor Vehicle Act 1988",89,4328
"CENTRAL MOTOR VEHICLE ACT",1,3924
"Central Motor Vehicle Rule 1988",43,4329
"Central Motor vehicle rules 2015",1,4331
"Central Motor Vehicle Rules",701,4330
"central motor vehicles rules 1989",2,27960
"CMV RULE 105 R/W 177, RULE 13(r) (i)(ii)(iii)(iv) R/W 177, CMV RULE 155 R/W 190(2) IMV ACT",2,4055
"CMV RULE 105 R/W 177, RULE 13(r) (i)(ii)(iii)(iv) R/W 177IMV ACT",2,4056
"CMV Rule 115 R/w 190(2) IMV Act Rule 230 R/w 177 IMV Act.",2,4058
"CMV Rule 115 R/W 190(2) IMV ACT SEC 185 MV ACT SEC 3(1) R/W 181 IMV ACT",1,4057
"CMV Rule 115 R/w 190(2) MV Act, Rule 14 a b r/w 177 MV act sec.53(1) R/w 192 MV Act.",1,4059
"CMV Rule 115 rw 190(2)  IMV Act",23,4060
"CMV Rule 115R/w190(2)IMV,Sec146 R/w196 IMV Rule230 R/w177 IMV,Sec128 (a)r/w177 IMV Act",1,4061
"CMV Rule 51, R/w 177 IMV Act, Rule 13(r)(ii)(iii) r/w 177 IMV Act.",1,4062
"Crpc 279 I.P.C R/W 183 IMV",9,5135
"Delhi Motor Vehicles Taxation Act",882,5426
"FRMCWDL Sec3R/w181of MV Act,FRMCWH Sec 129R/w 177 of MV Act",2,6432
"GUJARAT (BOMBAY) MOTOR VEHICLE (TAXATION OF PASSENGERS) ACT, 1958",35,6740
"GUJARAT (BOMBAY) MOTOR VEHICLES TAX ACT, 1958",107,6741
"GUJARAT MOTOR VEHICLES (REQUISITIONING AND CONTROL) ACT, 1987",62,6801
"IMV  ACT",494,7466
"IMV Act - 1988",1,7470
"IMV ACT 1988",78,7468
"IMV act",34,7471
"IMV Act",36346,7469
"IMV ACT",93809,7467
"IMV",968,7465
"India Motor Vehcile Act.,",82,7726
"Indian Motar Vehicle Act.",892,7853
"INDIAN MOTOR VECHICLE ACT",94,7510
"INDIAN MOTOR VEHICLE ACT 1988",13062,7512
"INDIAN MOTOR VEHICLE Act",1054,7514
"INDIAN MOTOR VEHICLE ACT",12999,7511
"Indian Motor vehicle act",336,7861
"Indian Motor Vehicle Act",4328,7855
"Indian Motor vehicle Act",51,7860
"Indian Motor Vehicle act",609,7856
"INDIAN MOTOR VEHICLE ACT.",40,7513
"INDIAN MOTOR VEHICLES ACT 1982",122,7516
"Indian Motor Vehicles Act 1988",15,7858
"INDIAN MOTOR VEHICLES ACT 1988",23,7517
"INDIAN MOTOR VEHICLES ACT 1989",1415,7518
"Indian Motor Vehicles Act 24Cl(1) r/w 179 IMV Act 112 r/w 183(1) IMV Act",12,7859
"INDIAN MOTOR VEHICLES ACT",1201,7515
"Indian Motor Vehicles Act",5269,7857
"INDIAN MOTOR VEHICLES ACT, 1988 U/S 187",80,7519
"INDIAN MOTOR VEHICLES ACT-1988",107,7520
"INDIAN MOTORE VEHECALE ACT",1631,7522
"Jharkhand Moter Vehicles Taxation Act 2001",1,8352
"Jharkhand Motor Vehicle Taxation Act",1,8353
"Jharkhand Motor Vehicles Taxation (JMVT) Act, 2001",8,8354
"Karnataka Motar Vehicle Act.",348,8910
"Karnataka Motor Vehical Act",125,8911
"Karnataka Motor Vehicle Rule",12,8913
"KARNATAKA MOTOR VEHICLE RULE",26,8582
"KARNATAKA MOTOR VEHICLE RULE,1989",20,8583
"KARNATAKA MOTOR VEHICLE RULES, 1989",33,8584
"Karnataka Motor Vehicle Tax Act 1957",32,8914
"Karnataka Motor Vehicle Tax Act, 1957",13,8915
"KARNATAKA MOTOR VEHICLE TAXATION ACT 1957",18,8586
"KARNATAKA MOTOR VEHICLE TAXATION ACT",61,8585
"Karnataka Motor Vehicle",1,8912
"Karnataka Motor Vehicles (Taxation) Act",31,8916
"Karnataka Motor Vehicles Rules 1989",3,8917
"KARNATAKA MOTOR VEHICLES TAXATION ACT 1957",209,8587
"Karnataka Motor Vehicles Taxation Act",785,8918
"KARNATAKA MOTOR VEHILCES RULES",2,8588
"Keral Motor Vehicles Act",220,9071
"Kerala Motor Vechicle Act",31,9133
"Kerala Motor Vehicle Act",1,9134
"KERALA MOTOR VEHICLE TAXATION ACT",1,8710
"Kerala Motor vehicles Act",1919,9136
"Kerala Motor Vehicles Act",214,9135
"M O T O R  Vehicle Act",80,9590
"M. V. Act",875,9610
"M.V ACT",17,9653
"M.V Act",556,9654
"M.V.  Motor Vehicle  Act",6123,9655
"M.V. ACT",310,9656
"M.V. Act",9254,9658
"M.V. ACT.",304,9657
"M.V. Act.",8468,9659
"M.V.Act",558,9662
"M.V.ACT",742,9660
"M.V.Act.",3195,9663
"M.V.Acts",902,9664
"M.V.ACTS.",2865,9661
"Maharashtra Motor vehicles Rules",7,10067
"Moter vehicle act",595,10548
"Moter Vehicles Act",12058,10547
"MOTOR VEHICAL ACT",167,9840
"motor vehical act",500,28151
"Motor Vehicle Act  \",321319,10565
"Motor Vehicle Act (MACT)",1296,10566
"MOTOR VEHICLE ACT 1988",105,9842
"Motor Vehicle Act 1988",39,10567
"Motor vehicle act 1988-1994",1975,10595
"MOTOR VEHICLE ACT 1989",10441,9843
"Motor Vehicle Act 1989",2610,10568
"Motor Vehicle Act \",46653,10569
"Motor Vehicle Act",1049607,10564
"MOTOR VEHICLE ACT",2231,9841
"Motor vehicle act",448,10594
"motor vehicle act",476,28152
"Motor vehicle Act",822,10592
"MOTOR VEHICLE ACT, 1988",156785,9844
"MOTOR VEHICLE ACT, UNDER SECTION",1907,9845
"Motor Vehicle Act. 1988",1592,10571
"Motor vehicle Act.",148,10593
"Motor Vehicle Act.",2,10570
"Motor Vehicle amendment act1994",1,10577
"Motor Vehicle Claim",7,10572
"Motor Vehicle Rule",2,10573
"Motor Vehicle Rules Central",2,10574
"Motor Vehicle Taxation Act",4,10575
"Motor Vehicle Taxiation Act",12,10576
"Motor Vehicles (Bombay Amendment) Act",7,10578
"Motor Vehicles (Tripura Amendment) Act, 1973",13,10579
"Motor Vehicles Accidental Claim Act",491,10580
"Motor Vehicles Act 1955",1504,10583
"Motor Vehicles Act 1988",461580,10584
"Motor Vehicles Act 1989",343,10585
"MOTOR VEHICLES ACT",1079427,9846
"Motor vehicles Act",147,10596
"Motor Vehicles Act",3124278,10581
"Motor Vehicles act",416,10590
"Motor Vehicles Act, 1988",64313,10586
"MOTOR VEHICLES ACT, 1988",666677,9847
"Motor Vehicles Rules, 1989 (Kerala)",19468,10587
"Motor Vehicles Taxation Act (Bihar &  Orissa)",1236,10588
"Motor Vehicles Taxation Act Bihar and  Orissa",162,10589
"Motors Vehicles Taxation Act",33,10600
"MotorVehiclesAct",394394,10598
"MV - Motor Vehicles Act",8859,9888
"MV Act 166",1806,9891
"MV Act Sc.185",87,9892
"MV Act",100284,9890
"mv act",382,28158
"MV ACT",46133,9889
"MV Act, 1988",17845,9893
"MV Amendment Act, 1988",1,9894
"MVAct",69,9896
"MVACT.",4,9895
"MVC and IMV Act",2,9902
"Orissa M.V. Act",3,12156
"Orissa Motor Vehicle Transport Act",22,12160
"Orissa Motor Vehicle Transport",23,12159
"Raj. Motor Vehical Act 1974",3,14477
"Rajasthan Motor Vehical Act",696,14584
"Rajasthan Motor Vehicle Tax Act",3,14585
"RAJASTHAN MOTOR VEHICLES RULES 1990",5976,14197
"Rul 230@A R/W 177 IMV ACT.",18,15042
"RULE 100 IMV R/W 177 IMV ACT, SEC 134 IMV R/W 177 ACT, SEC 130 CALUSE 1 R/W 177 IMV ACT",35,14399
"RULE 100 OF KMV ACT R/W 177 IMV ACT",1,14400
"Rule 100 R/W 177 IMV Act",3,15046
"Rule 115  R w 190 IMV Act",12,15047
"Rule 115 R/w 190(2) IMV Act Rule 13(r) (II) 177 IMV Act",1,15048
"Rule 12(1)R/w177 IMV Act Rule 14(a)(b)R/w177IMV Act",1,15049
"Rule 128 r/w 177,rule 230 r/w 177,13(1)r/w 177,13(2)r/w 177, 119 r/w 177,CMV 155r/w 190(2) IMV ACT",1,15050
"Rule 13 (r)(i) r/w 177 IMV Act",1,15051
"Rule 13 R  III R/W 177 IMV ACT.",17,15052
"Rule 13 r  R/w 177 IMV Act.",24,15055
"Rule 13 R i ii iii iv R/w 177 and 185 MV Act.",1,15053
"Rule 13 S R/W 177 IMV ACT.",17,15054
"Rule 13(r) (ii) (iii) r/w 177 IMV Act",2,15057
"rule 13(r)(iii),Sec39 r/w192,Sec3(1)r/w181,sec5(i)r/w180,rule 230 r/w177 sec105r/w179 IMV Act.",1,28381
"Rule 13(s)r/w 177 of IMV Act",1,15058
"Rule 138 R/W 177 IMV ACT.",19,15059
"Rule 14 R/w 177 IMV Act",3,15060
"Rule 14(a)(b) R/w 177 IMV Act",1485,15061
"Rule 14(a)(b) r/w 177 IMV Act, CMV Rule 125 r/w 177 IMV Act, u/s 177 of IMV Act",1,15062
"Rule 14(a)(b)r/w 177  IMV Act",5,15063
"RULE 14(A)(B)R/W177 RULE 13(R)(2)R/W177 RULE 13(R)(2)R/W 177 CMV 115 R/W 190(2) RULE 13(R)(4)IMV ACT",1,14401
"Rule 182 R/W 192 IMV ACT.",8,15064
"Rule 185 IMV Act and 3(1) r/w 181 IMV Act",13,15066
"Rule 218 r/w 177 IMV Act",15,15068
"Rule 218 R/W 177 IMV ACT.",26,15067
"Rule 230 r/w 177 and IMV SEE 184 CMV rule 115 r/w 190(2) IMV ACT",1,15071
"RULE 230 R/W 177 IMV ACT AND CMV RULE 115 R/W 190(2) IMV ACT",3,14402
"Rule 230 r/w 177 IMV Act",4,15070
"Rule 230 R/w 177 IMV SEC 185 and 3(1) R/w 181 IMV ACT",2,15069
"Rule 230 r/w 177 of M.V.Act, u/s 184,185 of M.V.Act",1,15072
"RULE 230(A) 128 119 R/W 177 IMV ACT",1,14403
"Rule 232 of Karnataka Motor Vechicle Rules",65,15073
"Rule 25@1 R/W 177 IMV Act",2,15074
"Rule 51 r/w 177 IMV Act",1,15078
"Rulle 115 r/w190(2)     IMV Act Rule 230r/w177 IMV Act Rule 138 r/w177 IMV Act",2,15096
"SEC  279 304 A IPC RW 185 IMV ACT",1,15197
"sec  3(1) r/w 181 IMV Act Sec 5(1) r/w 180 IMV Act",2,28384
"Sec 117 R/W 177 IMV ACT.",40,15566
"Sec 119 r/w 177 IMV Act",5,15568
"Sec 119 R/w 177 IMV,Rule 230 R/w 177 IMV ,Rule 13(R)(1)(2)(3)R/w 177 IMV,SEC 128 (A) R/w 177IMV AC",1,15567
"SEC 119 R/W 177 RULE 138 R/W 177 RULE 13(R)(3)R/W 177 CMV RULE 115 190(2) IMV",1,15201
"Sec 128 r/w 177 IMV Act",2,15574
"Sec 128@a R/W 177 IMV ACT",9,15575
"SEC 130 CL 1 R/W 117 IMV ACT SEC 66 CL 1 R/W 192 ACT SEC RULE 94 IMV  R/W SEC 177 MV ACT",1,15209
"Sec 133 r/w 187 IMV Act",7,15604
"Sec 14 (a) (b) R/w 177 IMV Act",4,15610
"Sec 140 M.V Act",2,15611
"Sec 166 M.V Act",1718,15618
"Sec 166 of IMV Act of 1988",948,15620
"Sec 166 of Motor Vehicle Act",3097,15622
"Sec 166 of MV Act 1988 read with Sec 232 of KMV Rules 1989",27,15621
"Sec 166 read with Sec 140 of MV Act 1988",1698,15623
"Sec 169 of MV Act 1988 read with Sec 253 and 254 of KMV Rules 1989",1,15624
"sec 177 IMV act",32,28390
"Sec 177 R/w 177 IMV Act",3,15625
"sec 181 mv act",3,28391
"SEC 184 179 185 OF IMV ACT",1,15217
"SEC 184 AND 185 IMV ACT",27,15218
"SEC 184 AND 185 OF IMV ACT",39,15219
"SEC 184 IMV 128(A)R/W177 RULE 230 R/W 177 SEC 129 RULE 13(R)(3)R/W 177 CMV RULE 115 R/W 190(2) IMV",1,15220
"Sec 184 IMV ACT.",37,15628
"SEC 184 IMV RULE 230 R/W 177 CMV 115 R/W 190(2) SEC 129 IMV ACT",2,15221
"SEC 184 OF IMV ACT",1642,15222
"SEC 184 RULE 230 R/W 177 SEC 146 R/W 196 CMV RULE 115 R/W 190(2)SEC 129 IMV",1,15223
"SEC 185 IMV ACT",178,15224
"Sec 185 IMV Act",42,15629
"Sec 187 of IMV",48,15630
"SEC 201 CL A IMV ACT",1,15226
"Sec 279 337 338 IPC Rw 184 187 3 181 IMV Act",2,15664
"Sec 279 337 338 RW 187 IMV Act",5,15665
"SEC 279, 338 OF IPC R.W 187 OF IMV ACT",2,15240
"SEC 279,304 CL A IPC AND SEC 3 AND 196 FO IMV ACT",3,15241
"SEC 3 R/W 181 IMV ACT AND 201 CLAUSE 1 IMV R/W 177 IMVC ACT",2,15250
"Sec 3 R/w 181, Sec 184 / Sec 188 of MV Act.",2,15677
"SEC 3 R/W 182 AND 177, 14 R/W 177, SEC 105 177 , 184 IMV  ACT",2,15251
"SEC 3(1) R/W 181 SEC 185 IMV ACT",6,15252
"Sec 3(R)(1)(2)(3)(4) R/w 177 IMV Act,Rule 230 R/w 177 IMV Act",1,15679
"Sec 3@1 R/W 181 IMV ACT",284,15703
"SEC 66 CL 1 R/W 192 CL J IMV ACT",2,15270
"Sec 66 R/W 192(A) IMV ACT",1,15729
"SEC 66 R/W 192(A) OF M.V. ACT",12,15271
"Sec 66 r/w 192A IMV Act",19,15730
"Sec 66 r/w sec 192 a of M.V Act 1988",1,15731
"Sec IMV Act",352,15766
"Sec of IMV act",448,15774
"Sec(1)r/w181 IMV Act Rule 115 r/w190(2)IMV Act,Sec5(I)r/w180 IMV Act,",1,15780
"Sec.  185 of IMV Act.  Rule 13(r) R/w 177 of IMV Act.",1,15783
"Sec. 166 A of the MV Act 1989",532,15808
"Sec. 166 of M.V. Act",510,15809
"Sec. 166 of the M.V.  Act 1989",2358,15810
"SEC. 170 OF MV ACT",1,15288
"Sec. 185 and 184 IMV Act.,",1,15820
"Sec. 185 IMV Act",11,15811
"Sec. 185 IMV Act. 3(1) r/w 181 IMV Act. Rule 13(r)(ii)(iii)R/w 177 IMV Act rule 115 r/w 190(2)IMV Ac",1,15812
"Sec. 185 IMV Act. Sec 3(1) r/w 181 IMV Act Rule 13 (r) (ii)(iii) r/w 177 IMC Act.",7,15813
"Sec. 185 IMV Act. Sec. 3(1) r/w 181 IMV Act. and Sec. 146 r/w 196 IMV Act.",1,15818
"Sec. 185 IMV Act. Sec. 3(1) r/w 181 IMV Act. Rule 13(r)(ii) r/w 177 IMC Act.",13,15816
"Sec. 185 IMV Act. Sec. 3(1) r/w 181 IMV Act. Sec. 128(a) r/w 177 IMV Act. Sec 39 r/w 192 IMV Act.",1,15817
"Sec. 185 IMV Act. Sec. 3(1) R/w 181 IMV Act. Sec. 184 IMV Act.",1,15814
"Sec. 185 IMV Act. Sec. 3(1) r/w 181 IMV Act.",23,15815
"Sec. 185 IMV Act.,",37,15819
"Sec. 185, 146 r/w 196 and 3(1) r/w 181 IMV Act., Rule 13(r)(iii) R/w 1777 IMC Act. CMV Rule 51 r/w 1",1,15821
"SEC. 3 R/W 181 IMV ACT SEC 134 IMV R/W 177 IMV ACT SEC 66 CLAUSE 1 R/W 192 IMV ACT",1,15299
"SEC. 3 R/W 181 IMV ACT",8,15298
"Sec. 3(1) R/w 181 of IMV Act, Rule 230 R/w 177 IMV Act., Sec. 185 IMV Act.",1,15842
"Sec. 4,5,8,9,11 KPCS and Cattle P. Act. 1964 3,11,PCA Act. 192 IMV Act., 1988",1,15858
"Sec. R.w 181 IMV actg",21,15890
"Sec.117 r/w 181 IMV Act",1,15900
"SEC.166 OF IMV ACT 1988",15,15308
"Sec.166 of MV Act",113,15931
"Sec.185 3R/w,181 MV Act",49,15935
"Sec.185 IMV Act",317,15936
"sec.185,IMVACT,Drunk,anddrive",5,28409
"Sec.3  1 IMV Act",6,15951
"Sec.39, 56,53,66, R/w 181,192 MV Act",13,15962
"Sec14(a)(b)r/w177 Imv Act Sec53(1)r/w192 IMV Act",1,16004
"Sec14(a)(b)R/w177IMV Act,CMV rule 115 r/w190(2)IMV Act",1,16003
"Sec146 r/w196 IMV Act Rule 115 r/w 190(2) IMV Act Rule 230r/w177 IMV Act",1,16005
"Sec166 of Motor Vehicle Act",1251,16010
"Sec3(1)r/w181 IMV Act Sec5(I) R/w180 IMV Sec 146 R/w196 IMV Act CMV Rule 115 R/w 190(2)IMV Rule 230",2,16015
"Sec3(1)r/w181 IMV,Sec5(I)r/w180 IMV Rule 230 r/w177 IMV,CMV rule 115 r/w190(2)IMV Act.",1,16016
"Sec3(1)r/w181 IMv,Sec5(i)r/w180 IMV,Sec146r/w196 IMV,Rule 138 R/w177 IMV,Sec128(a)r/w177IMV,Rule230",1,16017
"Sect 183 IMV ACT.",10,16034
"SECTION 114 CPC R/W 169 OF 1 MV ACT",15,15340
"SECTION 140 OF MV ACT",511,15354
"Section 163   A,   of Motor Vehicle Act 1989",51,16067
"SECTION 166 MV ACT",52,15358
"Section 166 of Motor Vehicle Act 1989",9286,16070
"Section 166 of the Indian Motor Vehicle Act, 1988",269,16071
"section 181, 117 IMV Act",22,28412
"Section 66 1  r.w sec 192 A of MV Act Sec.177 of IMV Act",26,16117
"Section 66 1 r.w sec 192 A of MV Act Sec.177 of IMV Act",21,16118
"SEE 3(1) r/w 181 IMV ACT SEE 185 IMV ACT",2,15394
"Sikkim Motor Vehicle Rule, 1991",7,16249
"Sikkim Motor Vehicle Rules",19,16250
"Sikkim Motor Vehicles Rules",1,16251
"TAMIL NADU MOTOR VEHICLE RULES 1989",561,16575
"Tamilnadu Motor Vehicle Rule",3,17036
"The Central Motor Vehicles Act 1988",1376,17167
"The Central Motor Vehicles Rules,1989",5,17168
"THE KARNATAKA MOTOR VEHICLES TAXATION ACT, 1957",208,16702
"The Motor Vehicles Act, 1988",1,17462
"The Sikkim Motor Vehicle Rule, 1991",25,17669
"The Telangana Motor Vehicles Taxation Act",39,17702
"The U.P. Motor Vehicle Rules",1,17721
"TN MOTOR VEHICLES TAXATION ACT, 1974",569,16860
"Tripura Motor Vehicles Tax Act, 1972",1,17889
"U Order 21 r.11 of CPC and U sec 359 A of M.V.Act",61,17937
"U P Motor Vehicle Rules",3159,17965
"U S 185 IMV Act",380,17974
"U S 429 IPC,U S 11(1)(A)of PQA Act, US 11,9,8,4, of KPCS,CPA,US 117,192(A),177,IMV,US56,47,of TA Act",3,17978
"U Sec 150,A and 2,  Of M.V. ACT 1989",28,18014
"U Sec 163 A and 166 of MV Act 1989",1,18016
"U Sec 163 A Of The MV ACT 1988",79,18015
"U Sec 166 Of M.V. ACT 1989",584,18020
"U SEC 185 MVAct",19,17986
"U Sec 66 R/w 192 (A) 82 (A) IMV Act",1,18045
"U sec. 185  mv act",39,18105
"U sec.181, 185 IMV Act",95,18106
"U Section 196 146 of IMV Act",1,18074
"U. Section 279, 304 A of IPC redwith 181 of IMV Act",4,18120
"U.O.47 Rule. 1 Sec.166 and 173 M.V.Act.",1,18148
"U.P. Motor Vehicle Rule",4,18193
"U.s. 185 MV Act",5,18331
"U.s. 185 of M.V. Act",38,18332
"U.S.185 IMV Act",7,18218
"U.sec. 1. 66 1  r/w 182 A  IMV Act 2.105r/w 179 IMV Act 3. 14 1  r/w 177 IMV Act",7,18341
"U.Sec. 166(1) of Motor Vechile Act",1,18230
"U.sec. 185 IMV Act",59,18344
"U.Sec.166 of M.V.Act",121,18282
"U.Section 185 of IMV Act",684,18297
"U/ sec 185 IMVAct 14(1) r/w 177 IMV Act 3(1) r/w 181 IMV Act",2,18373
"U/O 166/1/C/2/ of MV Act",5,18407
"U/o 166A of MV act",9,22040
"U/O IX RULE 3 AND 4 R/W Sec.151 OF C.P.C. AND RULE 254 OF MOTOR VEHICLE RULES",21,19064
"U/R 239 of M.V. Act 1989",101,19462
"U/S  146 R/W 196 OF IMV ACT",2,19478
"U/S  177 IMV ACT R/W FIRST M3 AND M18, SEC 185  IMV ACT AND SEC 105 R/W 177 CLAUSE 1 IMV ACT",1,19479
"U/S 106 A of Motor Vehicle Act",1,19589
"U/s 11 8 K p cow sla catte pre Act and 192A 179 mvact 11 1 A Pre of cru to animals Act",1,22819
"U/S 112 R/W 183 CL 1 IMV ACT",9,19613
"U/S 112 R/W 183 CL IMV ACT",2,19614
"U/s 112 r/w 185 of IMV Act",3,22826
"U/S 128 CL 1 R/W 177 IMV ACT",8,19685
"U/S 128 IMV ACT 177, 184 AND 185 IMV ACT",2,19688
"U/s 128(a) r/w 177,119 r/w 177, rule 230 r/w 177 IMV ACT",14,22859
"U/S 130 cl 1 R/W 177 IMV ACT",7,19870
"U/S 130 OF 1 R/W  177 AND 66 OF 1 R/W  192 IMV ACT",5,19868
"U/s 130 r/w 177 IMV act",1,22954
"u/s 130 r/w 177(1), Sec. 130 r/w 177(1), Sec. 130 r/w 177(1) of M.V.Act",1,28712
"u/s 130 r/w 177(1), Sec. 16r/w 177,Sec.14(a)(b) r/w177,Sec. 192(A) of M.V.Act",2,28713
"U/s 130 r/w 177(1),Sec.16 r/w 177,Sec.100 r/w 177, Sec. 14(a)(b) r/w 177 of M.V.Act",2,22955
"U/S 130, 16, 56 R/W 177 IMV ACT",2,19871
"U/S 130, 16, 56, R/W177 IMV ACT",9,19872
"U/S 130,16, 56 R/W 177 IMV ACT",3,19873
"U/S 134 IMV R/W 177 IMV ACT",3,19876
"U/S 138 R/W 177 IMV ACT AND 196 R/W 177 IMV ACT",1,19892
"U/S 14 CL 1 R/W 177 IMV ACT",5,19909
"u/s 14 R/w 177 M.V.Act.and 177 M.V.Act.and 158 A  R/w 177 M.V.Act.",18,28720
"U/s 14 R/w 177 Mv Act",2,22982
"u/s 14 r/w 177, 185 of MV Act",1,28721
"u/s 14(a)(b) r/w 177, 15(a) r/w 177, 130 r/w 177(1) of M.V.Act",2,28722
"u/s 14(a)(b) r/w 177, Sec. 15(a) r/w 177, Sec 100 r/w 177,Sec 130 r/w 177(1), Sec.16 r/w 177 of MV.",2,28723
"u/s 14(a)(b) r/w 177,,146 r/w 196, 115 r/w 190(2), ,83(B),15(a) r/w 177 of M.V.Act",1,28724
"u/s 14(a)(b) r/w 177,Sec.66 r/w 192, Sec. 130 r/w 177(1) of M.V.Act",2,28725
"u/s 14(a)(b),15(a)(b),100,16 r/w 177,Sec. 130 r/w 177(1) of M.V.Act",4,28726
"u/s 14(a)(b),16 r/w 177, 3(1) , .66 r/w 192,Sec. 130 r/w177(1)  of M.V.Act",1,28727
"U/S 140 and 166 of Motor Vehicles Act and R/W section 232 of Motor Vehicles Rules",1,19916
"U/s 146 r/w 196 IMV Act",2,23001
"U/s 15 A R/w 177 of MV Act and 123 2",4,23008
"U/S 15 CL 2 SUB CL ix R/W 177 IMV ACT",4,19945
"U/s 158 ,1, ,C,  158 ,1, 115 r/w 177 of MV Act",1,23018
"U/S 158 1 C R/W Sec 177 MV Act",1,19979
"U/s 158 Clause 6 of MV Act",2281,23020
"U/S 163 A IMV ACT",23,19985
"U/s 163 A of Motor Vehicle Act 1988",3,23025
"U/S 163 CL A OF IMV ACT",1,19987
"U/S 163 OF A   M.V.ACT",20,19988
"U/s 163 of M.V.Act 1988",7,23026
"U/S 163(A) OF MV ACT",704,19989
"U/S 163A OF M.V.ACT",68,19990
"U/s 163A of Motor Vehicles Act",2,23027
"U/S 163A OF MV ACT",148,19991
"U/S 166 1 CL a OF M.V. ACT",98,19994
"U/S 166 1 OF MV ACT 1988",1222,19996
"U/S 166 1 OF MV ACT",6,19995
"U/S 166 2 OF IMV ACT",228,19997
"U/S 166 2 OF THE M.V ACT",150,19998
"U/S 166 A OF MV ACT",9,19999
"U/s 166 B of Motor Vehicle Act",26,23031
"U/S 166 CL 1 IMV ACT",13,20000
"U/s 166 i c Amended IMV Act 1988",1,23034
"U/S 166 MV ACT",1309,20001
"U/S 166 MV Act",23210,20002
"U/S 166 OF 1 C OF MV ACT",105,20003
"U/S 166 of IMV Act Amended",5,20016
"U/S 166 OF IMV ACT",510,20005
"U/s 166 of IMV Act",883,23035
"U/S 166 of IMV Act",925,20015
"U/S 166 of IMV ACT, 1988",306,20014
"U/S 166 OF INDIAN MOTOR VEHICLE ACT",123,20006
"U/S 166 OF M.V ACT",450,20008
"U/s 166 of M.V. Act 1988 R/w Rule 232(1) and (2) of K.M.V.Rules",45,23036
"U/s 166 of M.V.Act",17765,23037
"U/S 166 of M.V.Act",386,20017
"U/s 166 of motor Vechicle act 1989",68,23042
"U/s 166 of Motor Vehicle Act",1920,23041
"U/s 166 of MV Act 1988",133,23038
"U/S 166 OF MV ACT 1989",50,20010
"U/S 166 of MV Act",3584,20018
"U/S 166 OF MV ACT",37425,20009
"U/s 166 of MV Act1989",574,23039
"U/S 166 of MV Amended Act",2116,20019
"U/S 166 OF THE MOTOR VEHICLE ACT 1989",100,20012
"U/S 166 of the Motor Vehicle Act 1989",15663,20021
"U/S 166 of the motor vehicle ACT 1989",567,20022
"U/S 166 OF THE MOTOR VEHICLE ACT",127,20011
"u/s 166 of the Motor Vehicles Act 1989",786,28743
"U/S 166 R/W 14 OF INDIAN MOTOR VEHICLE ACT",3,20013
"U/S 166/ I  C  MV Amendement Act",13,20023
"U/s 170 of MV Act",5,23046
"U/S 174 OF THE MOTOR VEHICLES ACT1988",18,20034
"u/s 177 and 158 M.V.Act.",61,28746
"U/s 177 and 185 M.V. Act",6,23055
"U/s 177 IMV rule 115 190(2) IMV ACT",1,23053
"u/s 177 M.V. Act  and  66 r/w 192(A)  MV Act  CMV Rule 115 r/w 190(2) IMV Act",1,28744
"u/s 177 M.V.Act. and 14 R/w 177 M.V.Act. and 158 R/w 177 M.V.Act.",10,28745
"U/S 177 MOTOR VEHICLE ACT",29,20035
"U/s 177 MV ACT,CMV RULE 115 R/W 190(2) IMV,CMV RULE 51 R/W 177 IMV,CMV RULE 120 R/W 177 IMV ACT",1,23054
"U/S 177 OF IMV ACT",11,20036
"U/s 177 r/w 201 IMV Act",1,23056
"U/S 177, 179 1 , 201 IMV Act",11,20037
"U/s 178 3 B IMVAct 196 IMVAct",10,23057
"U/S 179 IMV ACT",7,20038
"U/s 181 184 of IMV ACT",1,23073
"U/s 181, 184, 192.A IMV Act",3,23074
"U/S 183 177 105 158A  437 RW 177  158B RW 177  158C RW 177 IMV ACT",2,20066
"U/S 184 181 177 AND SEC 121 R/W 177 IMV ACT",2,20067
"U/S 184 IMV ACT",1,20068
"U/S 184 IMV ACT, RULE 100 IMV R/W 177 IMV ACT, SEC 66 CLAUSE 1 R/W 192 IMV ACT",2,20069
"U/S 184 IMV RULE 320 194 2 128 9 177 and 184 146 196 IMV ACT",1,20070
"U/s 184 MV ACT Rule 230 R/w 177 IMV ACT u/s 185 IMV ACT",2,23075
"u/s 184 R/W 188 M.V. Act",141,28753
"u/s 184 R/W 188, 3 R/W 181 M.V. Act",38,28754
"u/s 184 R/w 188. 3 R/w 181. 146 R/w 196  R/w 5 R/w 188 M.V.Act.",14,28755
"U/s 184 Rule 230 R/w 177 IMV Act",1,23076
"U/s 184, 177, 14 R/w 106 IMV",1,23077
"U/s 184, 29, r/w 182 56, r/w 182 146, r/w 196 of IMV Act Rule 52 r/w 182 IMV Act",1,23078
"U/s 184, 3 R/w 181 l 177 of MV Act",58,23079
"U/s 184,14 R/w 177, 36 R/w 197 MV Act",8,23080
"u/s 184,177 of M.V.Act",1,28756
"u/s 184,185,196,177 of M.V.Act",1,28757
"U/S 1845 AND 128 OF IMV ACT, 177 IMV ACT",1,20071
"U/s 185  and 3/ 181 MV act",26,23081
"u/S 185 184 AND 177 MV ACT",32,28493
"U/S 185 AND 158 CLS C IMV ACT",1,20072
"U/s 185 IMV ACT",13,23082
"U/s 185 IMV Act",24,23083
"U/S 185 IMV ACT",560,20073
"U/s 185 IMV Act.",107,23084
"u/s 185 M.V. Act and u/s 130 r/w 177(1) M.V.Act",1,28758
"u/s 185 mv act",6,28764
"U/s 185 of IMV Act",1,23087
"U/S 185 of IMV Act",58,20076
"U/s 185 of IMV act.",76,23088
"u/s 185 of M.V.Act",113,28766
"U/s 185 of MV Act",180,23089
"U/s 185 r/w 112 MV Act,  140/,A, ,B, r/w 177 IMV Act,  3 ,1, r/w 181 IMV Act",3,23090
"U/S 185 R/W 188 IMV ACT",9,20075
"u/s 185 R/W 188 M.V. Act",1986,28759
"u/s 185 R/W 188 M.V. Act, 14 R/W 177 M.V. Act",45,28760
"u/s 185 R/W 188 M.V. Act, 3 R/W 181 M.V. Act",262,28761
"u/s 185 R/w 188 M.V.Act.and 184 R/w 188 M.V. Act.",66,28762
"u/s 185 R/w M.V. Act. and 184 R/w 188 M.V. Act.",9,28763
"U/s 185 SEC 3 R/w 181 MV ACT",125,23085
"u/s 185, 190(2)  of M.V.Act",1,28767
"U/s 185, 3 r/w 181 of MV Act",73,23091
"U/s 185, 3 r/w 181 of MV Act, 146 r/w 196,177 of MV Act",18,23092
"u/s 185,, 3 r/w 181 of M.V.Act",13,28768
"u/s 185,177 of M.V.Act",3,28769
"u/s 185,179 of M.V.Act",2,28770
"U/S 185,181 MV Act",20,20077
"U/s 185,181,196 MV Act",1,23093
"u/s 185,184 and 113 r/w 194 of MV act",5,28771
"u/s 185,184 of M.V.Act",44,28772
"u/s 185,184,196 abd CMV Rule 115 r/w 190(2) of IMV Act",1,28773
"u/s 185,196 of M.V.Act",4,28774
"u/s 185,196,184 of M.V.Act",2,28775
"u/s 185,3 r/w 181, 177 of M.V.Act",5,28776
"u/s 187 of IPC and u/s 279,338,337 of IPC and u/s 134(A and B) of M.V.Act",1,28777
"u/s 190 M.V.Act and 14 R/w 177. 146 R/w 196 M.V.Act.",19,28780
"u/s 192  A  M.V.Act. 158 R/w 177. 14 R/w 177 M.V.Act.",19,28781
"U/s 192 W 1 IMVAct and 190 3 IMVAct",10,23097
"u/s 192,192(1),196,184 r/w 177 of M.V.Act",1,28785
"u/s 192,192(1),196,56 r/w 177 of M.V.Act",1,28786
"U/S 192.A R/w 66.1 IMV Act",3,20082
"U/S 196 MV Act",1,20084
"U/S 199 R/W 177 IMV ACT",1,20085
"U/S 201 CL 1 IMV ACT",4,20110
"u/s 210 r/w 177 IMV ACT",1,28791
"U/S 23 CL 10 R/W 177 IMV ACT",2,20146
"u/s 230 cl KMV RULES R/W 177 IMV ACT",2,28801
"u/s 230 r/w 177 of M.V. Act and u/s 185 of M.V.Act",2,28802
"U/S 236 MV Act.",31,20155
"U/S 239 of IMV Act",17,20156
"U/s 239 of MV Act",1,23152
"U/s 279 304 A IPC IMV Act U/s 134 A and B 177 MV act",2,23230
"U/s 279 304 A R/w 181 of MV Act",15,23231
"U/S 279 304 A R/W 184 187 IMV ACT",11,20339
"U/S 279 337  304A IPC RW SEC 3 RW 181 IMV ACT",2,20340
"U/s 279 337 285 IPC and 190 3 MVAct",1,23232
"U/S 279 337 304 A R/W 187 IMV ACT",3,20341
"U/s 279 337 338 and 134 R/w 187 MV Ac",20,23233
"U/S 279 337 338 IPC 5 (1) 180 IMV ACT  3(1) 181 IMV ACT",1,20342
"U/S 279 337 338 IPC RW 187 177 IMV ACT",1,20343
"U/S 279 338 AND SEC.14 R/W 106 MV ACT",1,20344
"U/s 279 338 of IPC and 134 MVAct",6,23235
"U/S 279 AND 337 IMV ACT",12,20345
"u/s 279 and u/s 185 of M.V.Act",2,28830
"U/s 279 IPC and 187 MVAct",4,23236
"U/S 279 R/W 184 IMV ACT",5,20347
"U/S 279 R/W 187 IMV ACT",28,20348
"U/S 279 RW 184  3  AND 181 IMV ACT",1,20349
"U/s 279, 304.A, IPC 187 fof MV Act, 181, 196 of IMV Act",1,23237
"U/S 279, 337 R/W 187 IMV ACT",58,20351
"U/S 279, 338 R/W 187 IMV ACT",13,20352
"U/S 279, 338 R/W 187, 146, 196 IMV ACT",10,20353
"u/s 279, u/s 181(3),180,196 of M.V.Act",1,28831
"U/s 279,337 of IPC IMV Act U/s 134,187",12,23238
"U/S 279,337,338 R/W 184 IMV ACT",12,20354
"U/S 279,337,338 R/W 184, 187 IMV ACT",69,20355
"u/s 3  r/w 181 of M.v.Act and 185 of M.V. Act",3,28840
"U/S 3 CL 1 R/W 181 IMV ACT",2,20418
"U/s 3 i R/w 181 of IMV Act",3,23267
"U/S 3 R/W 181 IMV ACT AND SEC 66 CLAUSE 1 R/W 192 IMV ACT",2,20433
"U/S 3 R/W 181 IMV ACT",7,20432
"U/S 3 R/W 181 IMV ACT, SEC 128 CLAUSE A R/W 177 IMV ACT, SEC 105 R/W 177 CLAUSE 1 IMV ACT",1,20434
"U/S 3 R/W 181 IMV ACT, SEC 134 IMV R/W 177 IMV ACT",4,20435
"u/s 3 R/w 181 M.V.Act. and 5 R/w 180 M.V.Act.",37,28844
"U/S 3 R/W 181 OF IMV ACT",4,20436
"U/S 3 RW 181 AND 177 M.V. Act",1,20437
"U/s 3(1) R/W 181 IMV ACT",2,23271
"U/s 379 of IPC, U/s. 5,8 9,11 of K.P. of C.S. and C.P Act, U/s 11(1)(D), U/s 192(A) of IMV Act",1,23339
"U/s 379 of IPC,U/s 4(1),21,4,2 of MMRD Act 1957,U/s 44(6),42(1) of KMMCR 1994 and U/s 181 of IMV Act",11,23340
"U/S 39 R/W 192 IMV ACT",2,20614
"U/s 39 R/w 192 of IMV Act.",2,23341
"U/s 5 r/w 180 IMV Act",3,23394
"U/s 5 R/w 180 MV Act",1,23389
"U/S 50 R/W 177 IMV ACT",1,20725
"U/S 66 1 OF 192 IMV ACT SEC 3 R/W 181 IMV ACT SEC 39 R/W 192 IMV ACT RULE 94 IMV ACT R/W 177 IMV ACT",1,20807
"U/S 66 CLAUSE 1 R/W 192 IMV ACT",9,20809
"U/S 66 CLAUSE 1 R/W 192 IMV ACT, SEC 156 R/W 196 IMV ACT, SEC 3 R/W 181 IMV ACT",2,20810
"U/S 66 OF 1 R/W 192, 156 R/W 196 AND 3 R/W 181 IMV ACT",1,20811
"U/s 66 R/w 192 (A) and U/s 196 R/w 177 MV Act",10,23430
"U/S 66 R/W 192 a of MV Act",354,20812
"U/S 66 R/W 1992 of MV Act",8,20813
"U/s 9, 11  Cows and Slaughter U/s 11 ,1, ,D, ,E, Prevention of Cruelty of Animals 192 r/w 112 MV Act",3,23516
"U/S 94  CL 1 R/W 177 IMV ACT",2,21032
"U/S 96 CL XXI 117 IMV ACT 1988, RULE 221 CL A SUB CL 6 IMV ACT 1989",2,21051
"U/s CMV RULE 100(2) r/w 177 IMV ACT,RULE 230 r/w 177 IMV,SEC 184 IMV,CMV RULE 115 r/w 190(2) IMV ACT",1,23593
"U/s CMV Rule 51,105,13(s),132(r)(1)(2)(3)(4) r/w177,146,196,115,190(2),179 IMV ACT",1,23594
"U/s KPCS and CP Act 1964 U/s 11f,11d,9,11,5,4 IMV Act 1988 U/s 192A",6,23603
"U/s rule 13(r)(1)(2)(3)(4)r/w 177,rule 13(s) r/w 177,rule 230 r/w 177,Sec 179 IMV ACT",1,23610
"U/s rule 230 R/W 177 IMV ACT",2,23611
"U/s rule 230 r/w 177 IMV ACT,CMV RULE 51 r/w 177 IMV ACT,CMV RULE 115 r/w 190(2) IMV ACT",1,23612
"U/s rule 230 r/w 177 IMV ACT,SEC 184 IMV ACT ,RULE 138 r/w 177 IMV ACT",1,23613
"U/s rule 230 r/w 177 IMV ACT,SEC 184 IMV ACT,SEC 3(1) r/w 181 IMV ACT",1,23614
"U/s rule 230 r/w 177 IMV ACT,SEE 184 IMV ACT",6,23615
"U/s rule 230 r/w 177 IMV, CMV RULE 115 r/w 190(2) IMV ACT",2,23616
"U/s rule 230 r/w 177 IMV,SEE 3(1) r/w 184 IMV ACT",1,23617
"U/s rule 230 r/w 177 IMV,SEE 3(1) r/w 184 IMV,CMV RULE 115 r/w 190(2) IMV ACT",1,23618
"U/s rule 230 r/w 177,SEE 184,SEE 128(A) r/w 177,rule 138 r/w 177 IMV ACT",1,23619
"U/s rule230 r/w 177 IMV ACT,SEC184 IMV CMV RULE 115 r/w 190(2) IMV ACT",1,23620
"U/S SEC 3 R/W 181 IMV ACT SEC 134 IMV R/W 177 IMV ACT SEC 177 IMV ACT R/W FIRST M3 AND M18",4,21102
"U/s sec.113 r/w IMV act",1,23621
"U/s. 11(d), 8, 5 of K.P. of C.S. and C.P. Act 1964, Sec. 379 of IPC, Sec. 192 of M.V. Act",1,23631
"U/s. 140 and 166 of Motor Vehicles Act",6,23669
"U/s. 140 of Motor Vehicles Act",1,23670
"U/s. 163 A Act 94 of the Motor Vehicles Act 1954",1,23680
"U/s. 163 A of M.V. Act",19,23681
"U/s. 163-A of M.V.Act",28,23682
"U/S. 166 OF M.V. ACT",37,21154
"U/s. 166 of M.V.Act 1988",1847,23683
"U/S. 166 OF M.V.ACT",233,21155
"U/S. 166 of M.V.ACT",462,21156
"U/s. 166 of Motor Vehicle Act R/w 232 of K.M.V. Rules",251,23684
"U/s. 166(2) of the Motor Vehicle Act",1,23685
"U/s. 177 of M.V. Act",1,23686
"U/s. 181(3), 196 of M.V. Act",2,23693
"U/s. 184 of M.V. Act",2,23694
"U/s. 196, 184R/w 177 of M.V. Act",1,23696
"U/s. 197 of M.V. Act",1,23697
"U/s. 3, 181 of M.V. Act",2,23757
"U/s. 379 R/w 34 of IPC  and Sec. 192 of India Motor Vehicle Act",1,23830
"U/s. 56, 177 of M.V. Act",1,23877
"U/s.128(1) M.V.Act.",1,23932
"U/s.13 R/w 177 MV Act.",2,23934
"U/S.13(2),(I)(II)(III)(IV) R/W 177 MV ACT",2,21207
"U/s.13(R),(1),(2),(3),(4),R/w 177 MV Act.",2,23937
"U/S.13(R),I,II R/W 177 MV ACT",4,21209
"U/s.132 R/w 179(1),129 R/w 177 IMV Act",4,23939
"U/S.14(B),R/W 177 MV ACT",6,21213
"U/S.163A OF MOTOR VEHICLE ACT",1,21218
"U/s.166 of M.V.Act",135,23956
"U/s.166 of Motor Vehicles Act",1899,23957
"U/S.177 MV ACT",9,21219
"u/s.184 MV Act and 66 R/w 193 MV Act.",2,28984
"U/S.185 MV ACT.",71,21222
"U/s.185,184,196,190(2) MV Act.",1,23961
"U/s.185.3 R/w 181 and 184 MV Act.",101,23962
"U/s.192(A) MV act",5,23964
"U/s.196 IMV Act.",8,23966
"U/S.230(A),R/W 177 MV ACT",1,21225
"U/S.3 R/W 181 MV ACT",15,21234
"U/s.3(1) R/w 181 MV Act.",1,23985
"U/s.69 R/w 177 MV ACT.",2,24009
"U/s.rule 115 R/w 190(2) IMV ACt.",1,24030
"U/s181 MV act and 196 MVAct, 185 MV Act 3 R/w Sec.",13,24036
"U/S279,300 R/W 187 IMV ACT",4,21265
"U/s39 R/w 192/A and 5 R/w 180 MV Act",1,24040
"U/s39 R/w 192/A MV Act",1,24039
"u/sec 113 R/W 194 M.V.Act",1,29002
"u/sec 117 R/W 177 M.V.Act",1,29003
"U/sec 122 R/w 177, 146 R/w 196, 13 1 R/w 177, 158 R/w 177, 179 M.V.Act",1,24054
"u/sec 125 R/W M.V.Act",1,29004
"u/sec 14 r/W 177, 119 R/W 177, 158 R/W 177 M.V.Act",4,29010
"U/Sec 152 and 151 CPC Rule 253 of Karnataka MVC 1989",1,21418
"U/sec 158 6 of MV Act 1998",9,24080
"U/Sec 163.A. of Motor Vehicle Act 1994",1,21423
"U/Sec 165-A And 166 of M.V. Act 1989",5,21424
"U/Sec 166 (1) (a) And (b) of M.V. Act",1,21425
"U/Sec 166 (1) of M.V. Act 1988",18,21426
"U/Sec 166 4 of MV Act",4,21427
"U/sec 166 And 140 of 1989 MV Act",2,24085
"U/Sec 166 C of IMV Act 1988.",11,21428
"U/Sec 166 Clause A of MV Act 1988",3,21429
"u/sec 166 of M. V. Act",232,29012
"U/Sec 166 of MV Act 1988 and 1989",46,21432
"U/Sec 166 of the Motor Vehicles Act 1989",21,21435
"U/Sec 170 of MV Act",156,21436
"u/sec 177, 130 R/W 177 M.V.Act",3,29015
"u/sec 181 M.V.Act",2,29017
"u/sec 184 3 R/W 181 M.V.Act",1,29018
"u/sec 184 M.V.Act",2,29019
"U/sec 184, 119 R/w 177 M.V.Act",4,24095
"u/sec 184, 158, 119 R/W 177 M.V.Act",1,29020
"u/sec 185 3 R/W 181 M.V.Act",7,29021
"U/Sec 185 M.V.Act ,158 R/w 177 M.V.Act",3,21445
"u/sec 185 M.V.Act",59,29022
"U/Sec 185 M.V.Act,184, 179, 158 r/w 177 M.V.Act",1,21446
"U/sec 185, 3 R/w 181 M.V.Act",30,24096
"U/sec 185, 3 r/w 181, 158 R/w 177 M.V.Act",10,24097
"u/sec 190 II 184 M.V.Act",2,29023
"U/Sec 192 A R/W/S 66 1  of IMV Act",983,21447
"U/sec 196 M.V Act",2,24099
"u/sec 196 M.V.Act",1,29024
"U/sec 239 of M.V.Act",1,24103
"u/sec 3 R/W 181 13 A R/W 177, 158 R/W 177 M.V.Act",5,29032
"U/sec 3 R/w 181 MV Act",26,24115
"U/sec 4.184 IMV Act 5.177(3) MV Act 6.115(7) r/w 190(2) IMV Act 7. 146 r/w 196 IMV Act",1,24126
"u/sec 66 R/W 192, 184 M.V.Act",1,29040
"u/sec M.V.Act",2,29054
"u/Sec. 100 R/w 177 of IMV Act",3,28499
"U/sec. 128 r/w. 177 M.V. Act",3,24172
"U/Sec. 130 cluse 1 R/w Sec. 177 IMV Act.",1,21642
"U/sec. 13r sub clause 2 r/w. 177 M.V. Act",1,24192
"U/Sec. 156 r/w 196 IMV and Rule 230(A) r/w 177 MV Act",1,21658
"U/Sec. 158(6) of M.V.Act",1159,21659
"u/Sec. 163 A of Motor Vehicles Act",2,28503
"U/Sec. 163.A of  Motor  Vehicle  Act",2,21660
"U/Sec. 163A of M.V.Act.1989",3,21661
"u/sec. 166 (1-c) of Motor Vehicle Act 1989",1,29131
"U/Sec. 166 . 1 a of Motor Vehicle Act.",6,21663
"U/sec. 166 M.V. Act",4,24202
"U/SEC. 166 OF  M.V ACT 1982",27,21318
"u/sec. 166 of IMV Act",39,29132
"U/Sec. 166 of IMV Act.",4,21664
"u/sec. 166 of M.V. Act 1988  and u/sec. 54 of the Motor Vehicle (Amendment) Act 1994",1,29134
"u/Sec. 166 of M.V. Act",517,28504
"U/SEC. 166 OF M.V. ACT",673,21319
"u/sec. 166 of M.V. Act",89,29133
"U/Sec. 166 of Motor Vehicles Act",572,21665
"U/sec. 166 of the Motor Vehicle Act 1989",50,24203
"U/Sec. 166 of the Motor Vehicle Act",96,21666
"u/Sec. 177, 184 of IMV Act",1,28505
"U/Sec. 181  of M.V. act",2,21674
"u/Sec. 184, 177, 196 of IMV Act",1,28506
"U/sec. 185 IMV Act",110,24207
"U/sec. 185 M.V. Act",300,24208
"U/Sec. 185 M.V. Act",366,21675
"U/Sec. 185 MV Act, 158 R/w 177 MV Act.",4,21676
"u/sec. 185 of IMV Act.",63,29142
"U/sec. 187 M.V. Act",5,24209
"U/sec. 187, 3 r/w. 181 MV Act",5,24210
"U/Sec. 192 MVAct",1,21678
"U/Sec. 279, 337 R/w 187 IMV ACT",4,21717
"U/Sec. 279, 337, 338 R/w 187 IMV ACT",7,21718
"U/Sec. 279, 337, 338 R/w 196 IMV ACT",1,21719
"U/Sec. 279, 337, 338 R/w. 187, 181 of IMV Act.",10,21720
"U/Sec. 279, 338 R/w 187 IMV ACT",5,21721
"U/sec. 279,338 and 187 M.V.Act",17,24222
"U/sec. 3 r/w. 181 MV Act",25,24230
"U/sec. 338,279 and 187 M.V.Act",1,24238
"U/Sec. 5 r/w 180 MV Act",1,21799
"U/Sec., 177, 192 IMV Act",1,21865
"U/sec.14 R/w177 , 50 R/w 177, 156 (3) R/w 177, 115(7) R/w 177 IMV Act",2,24295
"U/sec.14(1) r/w 177 IMV 2. 130(1) r/w 177 IMV 3. 130(3)177IM V 4.130(1) r/w 177 IMV Act",2,24296
"U/Sec.166 .1.A. of M.V.Act",18,21901
"U/Sec.166 of IMV Act 1988",2991,21902
"U/Sec.166 of M.V.Act 1987",10,21904
"U/sec.166 of M.V.Act 1988 and R/w Amendment Act",2,24302
"U/Sec.166 of Motor Vehicle Act",127,21906
"U/sec.166 of MV Act",1063,24303
"U/Sec.166 of MV Act",739,21905
"U/Sec.166(1) of MV Act",29,21907
"U/sec.170 of M.V.Act",139,24304
"U/Sec.183(1) 178(3) of IMV Act",2,21919
"U/Sec.196 of IMV Act.",3,21920
"U/Secc. 3 r/w. 181 M.V. Act",10,22011
"U/Section 166 of M.V.Act.",304,22017
"U/sP of CA act 1960 U/s11 IMV Act 1988 U/s 192",2,24042
"Under 185 of IMV Act",30,25077
"Under IMV Act",548,25133
"Under Indian Motor Vehicle Act 1988",7,25139
"Under Indian Motor Vehicle Act",174,25138
"UNDER MV ACT",42,24366
"Under Rule 230(A) R/w. 177 M.V. Act",1,25711
"Under Rule 239 of MV Rules 1989",1,25712
"Under sec 15 of 1 readwith 177 IMV Act",13,26984
"UNDER SEC 158 C 177 MV ACT",4,24630
"Under Sec 159 of MV Act and 152 of CPC",1,25805
"Under Sec 163 A and 140 of MV Act 1988",3,25807
"Under Sec 163 Clause A  of MV Act 1989",33,25808
"Under Sec 166 and 140 of MV Act 1988 read with Rule 232 of KMV Rules 1989",7,25811
"Under Sec 166 Clause 1 of MV Act 1988",9,25809
"Under Sec 166 Clause 2 of MV Act 1989",4,25810
"Under Sec 166 of MV Act 1988 and MV Amended Act 1994",1,25813
"UNDER SEC 166 OF THE MOTOR VEHICLE ACT 1989",1054,24631
"Under Sec 166 of the Motor Vehicles Act",479,25814
"under sec 166 read with 140 MV 1988 and 1989",558,29640
"Under Sec 177 of IMV Act",164,25815
"UNDER SEC 180 IMV ACT",26,24634
"UNDER SEC 184 IMV ACT",8,24635
"Under sec 185 IMV Act",368,26991
"Under Sec 185 IMV Act",38,25823
"Under sec 3 with 181 IMV Act",53,27002
"Under Sec. 146 R/w.196 and 177 MV Act",3,25948
"Under Sec. 146 R/w.196 M.V. Act",1,25947
"Under Sec. 166 A of the IMV Act 1989",26,25950
"Under Sec. 166 of IMV Act",2,25951
"UNDER SEC. 166 OF THE MOTOR VEHICLES ACT, 1989.",267,24651
"Under Sec. 177 and 177 of MV Act",2,25953
"Under Sec. 177 and 190(2) MV Act",1,25954
"Under Sec. 181 and 177 M.V. Act",2,25958
"Under Sec. 181 and 190(2) MV Act",1,25959
"Under Sec. 184 IMV Act",1,25960
"Under Sec. 185 and 3(1) R/w. 181 MV Act",7,25961
"Under Sec. 196 and 177 MV Act",6,25963
"Under Sec. 196 MV Act",2,25962
"Under Sec. 279, 338, 304-A and 187, 3 R/w 181 MV Act",1,25983
"Under Sec. 3 R/w. 181 MV Act",6,25989
"Under Sec. 66 R/w. 192 of IMV act",1,26022
"Under Sec.163 A of the Motor Vehicles Act 1989",4,26054
"Under Sec.163A of Motor Vehicles Act",26,26055
"Under Sec.166 of M.V. Act 1988 R/w MV Amendment Act 1994",16348,26057
"Under Sec.166 of M.V. Act 1988",773,26056
"Under Sec.166 of M.V.Act",1091,26058
"Under Sec.166 of Motor Vehicles Act",11,26059
"UNDER SEC.166 OF MOTOR VEHICLES ACT, 1989",16,24660
"UNDER SEC.166 OF THE MOTOR VEHICLES ACT, 1989",16,24661
"under Sec.66 r/w 192 IMV ACT",12,29482
"Under Section  Indian Motor Vehicle Act",1,26088
"Under Section 109 IMV Act.",1,26132
"Under Section 11(1)(A),11(1)(D) of Prevention of Cruelty to Animals Act and U/S  192 of MVAct",1,26138
"Under section 134 (A & B), 187 of Indian motor vehicles Act 1988 and section 279, 304 of IPC 1860.",1,27082
"Under Section 163 (A) of Motor Vehicles Act",6,26310
"Under Section 163.A of M.V.ACT 1989",31,26311
"UNDER SECTION 163.A OF M.V.ACT",4,24754
"Under Section 163A of MV Act",61,26312
"UNDER SECTION 166  1 OF MOTOR VEHICLE ACT 1988",138,24755
"Under Section 166 1 C of MV Amended Act 1988",11,26314
"Under section 166 M.V Act",364,27093
"UNDER SECTION 166 OF IMV ACT 1989",15,24757
"Under section 166 of M.V. Act 1988",58,27094
"Under Section 166 of M.V. Act",338,26315
"UNDER SECTION 166 OF M.V. ACT",38,24758
"UNDER SECTION 166 OF M.V.ACT",361,24759
"Under Section 166 of M.V.Act",55,26316
"UNDER SECTION 166 OF M.V.ACT. 1989",63,24760
"UNDER SECTION 166 OF MOTOR VEHICLE ACT 1988",1623,24761
"Under Section 166 of Motor Vehicles Act 1989",10,26319
"under section 166 of MOTOR VEHICLES ACT",100,29727
"UNDER SECTION 166 OF MOTOR VEHICLES ACT",32,24762
"Under Section 166 of Motor Vehicles Act",93,26318
"UNDER SECTION 166 OF MOTOR VEHICLES ACT.",3,24763
"UNDER SECTION 166 OF MV ACT",419,24764
"UNDER SECTION 166 OF MVA 1989",7810,24765
"Under Section 166 of the IMV Act",83,26320
"Under Section 166 read with section 140 of Motor Vehicles Act 1989",33,26321
"Under Section 170 of M.V. Act",8,26322
"UNDER SECTION 177 182 OF IMV ACT",1,24767
"Under section 177 IMV Act",113,27095
"Under Section 177 IMV Act",4,26325
"Under section 180 IMV Act",30,27097
"Under section 181 IMV Act",158,27098
"Under section 184 IMV Act",23,27099
"Under Section 185 181 IMV Act",57,26337
"UNDER SECTION 185 3 R/W 181 OF IMV ACT",16,24770
"Under section 185 IMV Act",2233,27101
"UNDER SECTION 185 IMV ACT",368,24771
"under section 185 IMV",3,29735
"UNDER SECTION 185 OF IMV ACT",66,24772
"Under Section 185 of IMV Act",94,26339
"Under Section 187 of Indian M. V. Act 1988",2,26340
"Under section 192 A IMV Act",100,27103
"Under section 192 IMV Act",20,27104
"Under Section 192 M.V. Act",1,26349
"Under Section 192(A),177 IMV Act",2,26351
"Under section 196 IMV Act",19,27105
"Under section 279 304 A IPC RW 187 IMV Act",3,27124
"UNDER SECTION 279 337 338 304 A AND 134 A AND B R/W 187 IMV ACT",2,24824
"Under section 279 337 338 and Sec.183 of IMV Act",5,27127
"Under Section 279 337 IPC Rw 187 IMV Act",1,26441
"UNDER SECTION 279 337 R/W 187 AND 181 OF IMV ACT",3,24825
"UNDER SECTION 279 338  READ WITH 187 AND 3 READ WITH 181 AND 146 READ WITH 196 IMV ACT",24,24826
"Under Section 279 338 IPC And 141 Rw186 of IMV act",1,26442
"Under Section 279,304 A R/W 3,181,196 of IMV Act",3,26443
"Under Section 279,304(A) r/w 134 A and B of IMV Act",13,26444
"Under Section 279,337 Motor Vehicles Act 1988 U/s 134  B,14 1301 IPC 1860 U/s 338",5,26445
"Under Section 279,337 Of Indian Motor Vehicle Act 1860",198,26446
"Under Section 279,337 R/W 186 IMV Act",1,26447
"Under section 279,337,338 IPC Red With 134 B IMV Act",4,27129
"Under Section 279,338 R/w 187 IMV Act",28,26448
"Under Section 3 R/W 181,177 IMV Act",2,26458
"Under Section 3 R/w. 181 M.V. Act",5,26459
"Under Section 3(1),4(1) and 12(1)(a) of Karnataka Motor Vehicle Tax Act 1957",3,26469
"Under Section 66 R/W 192(A)  MV Act 1988",38,26576
"Under Section IMV Act",15,26674
"Under Sections 106, 190(2) and 177 MV Act",1,26685
"Under Sections 181, 190(2) and 177 M.V. Act",2,26694
"Under Sections 279, 337 IPC and 187 M.V. Act",2,26701
"Under Sections 279, 337 of I.P.C and 196, 3 R/w. 181 M. V. Act.",1,26702
"Under Sections 279, 337, 304(A) and 196 MV Act",1,26703
"Under Sections 279, 337, 338 IPC and 187 MV Act",5,26704
"Under Sections 279, 337, 338, 304(A) IPC  and R/w. 3, 181  and 196 of M.V. Act.",1,26707
"Under Sections 279, 337, 427 IPC and 3 R/w. 181 M.V. Act",1,26710
"Under Sections 279, 338 of I.P.C. and 196 of M.V. Act",2,26712